City,Country,Population_2023,Growth_Rate (%),Population_2024
Los Angeles,USA,26836512,13.085.739.899.160.800,27187687
Shanghai,China,11673774,15.689.449.621.574.400,11856929
Cairo,Egypt,22201723,4.871.277.923.187.370,23283230
Mumbai,India,11440139,1.314.396.287.192.700,11590507
Los Angeles,USA,3792427,4.344.732.920.163.100,3957197
Sydney,Australia,12309411,27.152.503.540.161.500,12643642
London,UK,21134895,16.125.398.348.142.900,21475703
Los Angeles,USA,6748035,44.183.745.557.263.000,7046188
Cairo,Egypt,5390020,25.038.736.475.119.900,5524979
Mumbai,India,3681719,28.166.780.926.836.000,3785421
Shanghai,China,18667911,21.165.501.622.989.400,19063026
Cairo,Egypt,13583038,31.682.788.314.571.700,14013386
Cairo,Egypt,18615977,12.358.574.266.326.000,18846043
London,UK,25144880,2.259.866.914.932.920,25713120
Sao Paulo,Brazil,26666139,4.862.355.450.508.790,27962741
Mumbai,India,23130041,16.616.004.471.550.700,23514369
Tokyo,Japan,28580296,34.553.149.904.358.100,29567835
Cairo,Egypt,10688053,1.963.355.289.011.120,10897897
Sao Paulo,Brazil,9887324,3.980.629.065.589.700,10280901
Tokyo,Japan,12529677,1.088.931.473.232.570,12666116
Mumbai,India,21098343,4.864.194.702.853.450,22124607
New York,USA,20336488,25.420.529.362.263.700,20853452
Sydney,Australia,16863509,15.622.270.850.590.800,17126955
Sao Paulo,Brazil,20053322,8.307.353.629.850.560,20219912
Moscow,Russia,24737750,12.639.105.728.939.300,25050413
New York,USA,25151808,28.389.827.685.020.700,25865863
Sydney,Australia,17591661,2.016.514.293.940.780,17946399
London,UK,7575716,4.229.975.146.471.740,7896166
Los Angeles,USA,3002324,24.389.938.564.781.200,3075550
Shanghai,China,7262105,16.192.142.266.443.300,7379694
Moscow,Russia,13715629,32.771.524.397.181.300,14165111
London,UK,29490147,3.680.497.475.984.500,30575531
Mumbai,India,7671318,12.516.885.855.542.700,7767339
London,UK,18271808,12.542.864.732.974.200,18500988
Los Angeles,USA,12634494,6.650.214.212.009.430,12718516
Mumbai,India,14799990,3.813.809.067.795.380,15364433
Moscow,Russia,4578226,34.871.203.742.981.200,4737874
Los Angeles,USA,23926247,26.358.389.408.741.600,24556904
Tokyo,Japan,28195278,4.298.767.020.361.380,29407327
Shanghai,China,3427540,41.255.156.882.752.300,3568943
Moscow,Russia,19492846,3.134.094.639.785.380,20103770
Tokyo,Japan,1318408,4.407.220.762.309.660,1376513
Sydney,Australia,9856884,14.262.854.451.654.500,9997471
Moscow,Russia,11543305,10.036.382.872.897.700,11659158
Sydney,Australia,26677235,17.138.732.518.264.500,27134448
Mumbai,India,29088632,7.568.908.524.019.160,29308801
Tokyo,Japan,20894388,2.890.262.876.004.640,21498290
Shanghai,China,10272985,47.147.256.153.273.200,10757328
Los Angeles,USA,24081896,6.770.459.330.082.930,24244941
Cairo,Egypt,22012258,10.494.946.130.451.200,22243275
London,UK,2898739,2.534.895.627.275.450,2972219
New York,USA,27395160,4.702.437.578.875.570,28683400
Shanghai,China,18794649,19.227.024.723.953.700,19156014
Tokyo,Japan,25881226,2.782.556.639.097.760,26601385
Cairo,Egypt,5661029,6.870.778.657.267.640,5699924
Shanghai,China,12149697,11.675.444.043.293.900,12291550
Tokyo,Japan,21455302,4.939.835.553.314.810,22515158
Sao Paulo,Brazil,14757649,4.843.034.133.962.200,15472366
Sao Paulo,Brazil,19358746,5.222.299.142.048.430,19459843
Sydney,Australia,14427105,4.783.153.034.404.570,15117175
Shanghai,China,19864474,3.376.039.720.169.750,20535106
Sao Paulo,Brazil,5856447,44.056.323.253.400.900,6114460
Tokyo,Japan,26146282,2.546.329.350.352.360,26812052
Sydney,Australia,7857658,2.820.182.128.606.620,8079258
Tokyo,Japan,28915002,2.699.809.611.156.140,29695652
Sydney,Australia,1996530,35.008.891.589.574.600,2066426
Shanghai,China,26937077,1.128.430.646.403.400,27241043
Cairo,Egypt,20378839,6.348.811.544.270.500,20508220
Los Angeles,USA,27544070,18.856.847.371.603.500,28063464
Moscow,Russia,7231219,36.710.634.323.149.100,7496681
Cairo,Egypt,21886213,14.083.405.345.532.600,22194445
Mumbai,India,12292148,3.530.445.949.962.120,12726115
Tokyo,Japan,4364695,4.864.604.207.482.710,4577020
Mumbai,India,13966064,9.225.532.210.523.820,14094908
Cairo,Egypt,11580030,3.526.709.532.013.060,11988424
Sydney,Australia,18822698,24.968.759.868.705.700,19292677
Moscow,Russia,6786265,4.406.640.144.698.770,7085311
Moscow,Russia,23685851,12.971.740.525.132.300,23993097
New York,USA,8487345,361.681.678.501.774,8794316
Moscow,Russia,27461126,4.271.518.803.416.490,28634133
Los Angeles,USA,1570451,4.750.763.987.633.100,1645059
Moscow,Russia,26185640,35.746.161.273.034.000,27121676
Cairo,Egypt,1967344,2.737.286.438.037.920,2021195
New York,USA,12243667,32.803.125.809.054.600,12645297
Cairo,Egypt,3412149,4.410.072.430.154.230,3562627
Cairo,Egypt,6398869,30.677.438.598.747.300,6595169
London,UK,17405566,6.367.417.686.357.650,17516394
New York,USA,21129468,46.892.691.297.814,22120285
Cairo,Egypt,21510055,3.602.870.379.642.020,22285034
London,UK,10427504,35.443.102.359.976.000,10797087
London,UK,12686214,14.705.381.857.897.200,12872769
New York,USA,8022336,34.649.846.160.469.500,8300308
Mumbai,India,23546143,2.272.389.825.443.710,24081203
Sydney,Australia,20655820,34.305.483.966.867.100,21364427
Los Angeles,USA,29746717,9.796.686.363.859.580,30038136
Sydney,Australia,22105074,3.460.303.870.713.660,22869976
Moscow,Russia,13485559,4.997.361.765.968,14159481
Los Angeles,USA,25210749,7.169.541.748.725.020,25391498
Moscow,Russia,9652831,4.897.283.828.995.920,10125557
Cairo,Egypt,14691164,23.310.858.232.529.100,15033627
Tokyo,Japan,23761900,4.418.390.526.517.660,24811793
New York,USA,12707868,402.073.467.826.223,13218817
Los Angeles,USA,15246173,3.051.573.174.440.000,15711421
Los Angeles,USA,3694287,38.230.214.416.309.600,3835520
Cairo,Egypt,11055079,44.533.200.258.560.600,11547397
Mumbai,India,7511634,23.186.314.474.296.400,7685801
London,UK,14781009,1.971.649.227.034.570,15072438
Cairo,Egypt,22398272,35.041.702.350.361.300,23183145
Sao Paulo,Brazil,9976973,4.135.306.738.735.660,10389551
London,UK,14407602,3.930.283.106.494.770,14973861
New York,USA,1703662,4.090.161.419.863.850,1773344
London,UK,19082801,24.601.249.166.581.900,19552261
Mumbai,India,5092097,4.180.253.972.787.590,5304959
London,UK,14769205,1.040.940.749.167.730,14922943
New York,USA,15013403,2.950.200.940.823.820,15456328
Mumbai,India,20436656,5.259.139.722.415.470,20544135
Sydney,Australia,10988209,19.606.362.345.512.100,11203647
Los Angeles,USA,21720861,21.490.769.069.212.900,22187659
Los Angeles,USA,22272229,2.282.777.112.241.640,22780654
Moscow,Russia,7094467,362.960.243.010.438,7351967
Sydney,Australia,10623424,22.485.114.557.165.500,10862292
Sydney,Australia,27791175,2.519.121.301.801.380,28491268
London,UK,11353564,15.689.485.889.344.700,11531695
Los Angeles,USA,23294582,217.963.306.233.203,23802318
New York,USA,4448678,15.227.133.226.841.800,4516418
Shanghai,China,14942402,8.293.816.569.579.960,15066331
Shanghai,China,27293023,32.155.186.702.162.000,28170635
Mumbai,India,29676873,3.506.957.593.497.570,30717628
Los Angeles,USA,22988809,32.877.065.570.432.600,23744613
Los Angeles,USA,15493549,2.585.723.197.102.570,15894169
Shanghai,China,14490337,2.209.036.010.806.530,14810433
Los Angeles,USA,11669435,4.385.001.423.073.210,12181139
London,UK,17642016,28.358.680.331.129.800,18142320
Sao Paulo,Brazil,9370262,26.563.184.493.337.800,9619165
Tokyo,Japan,11174518,6.153.892.961.289.600,11243284
Sydney,Australia,17541471,20.356.152.243.177.000,17898547
Moscow,Russia,22623985,22.108.802.845.363.500,23124174
Mumbai,India,12484508,2.294.702.514.036.050,12770990
Sao Paulo,Brazil,8449607,31.107.756.615.229.900,8712455
Shanghai,China,16713088,2.901.211.460.270.950,17197970
Sydney,Australia,21820280,3.235.572.917.570.500,22526291
Los Angeles,USA,14839094,39.419.746.769.395.700,15424047
Moscow,Russia,17701250,4.158.435.824.222.420,18437345
Los Angeles,USA,20380183,3.731.553.843.019.220,21140680
New York,USA,4438550,4.799.856.631.797.200,4651594
New York,USA,1076218,5.820.466.220.436.270,1082482
Moscow,Russia,24656190,13.810.009.355.759.500,24996692
Moscow,Russia,18547260,5.340.329.374.016.390,18646308
Shanghai,China,6579079,34.136.362.136.957.100,6803664
Moscow,Russia,11935349,4.541.137.470.274.940,12477349
London,UK,15318328,15.956.703.345.933.400,15562758
Los Angeles,USA,14061358,467.165.545.158.338,14718256
Sao Paulo,Brazil,29645954,7.712.032.563.030.230,29874584
Cairo,Egypt,20962930,4.704.962.120.624.810,21949227
Moscow,Russia,19505312,2.082.302.092.578.350,19911471
Mumbai,India,9736347,9.563.937.280.214.740,9829464
New York,USA,17354286,26.864.229.163.384.600,17820495
London,UK,9860935,16.554.945.547.422.800,10024182
Sydney,Australia,25444321,17.819.280.588.286.500,25897720
Cairo,Egypt,3694946,18.828.048.421.682.800,3764514
Sao Paulo,Brazil,5229215,4.113.616.540.246.980,5444324
Cairo,Egypt,19699351,2.926.225.745.038.640,20275798
Moscow,Russia,16105101,19.008.846.462.020.100,16411240
Shanghai,China,8021855,32.465.020.248.991.300,8282284
New York,USA,18755255,3.722.678.034.004.370,19453452
New York,USA,10288493,1.726.808.003.300.900,10466155
Sydney,Australia,9997354,23.609.709.568.640.800,10233388
Shanghai,China,8352207,1.048.487.420.016.260,8439778
Los Angeles,USA,29168643,13.151.720.729.060.600,29552260
Tokyo,Japan,18277092,35.650.303.428.424.200,18928675
London,UK,2962165,13.164.725.646.303.200,3001161
New York,USA,8985620,28.632.352.265.017.700,9242899
Mumbai,India,1611213,3.690.708.177.750.940,1670678
New York,USA,18545950,9.809.461.539.263.470,18727875
Cairo,Egypt,16794998,3.052.904.988.330.060,17307733
New York,USA,25527791,1.654.532.526.656.130,25950156
New York,USA,5241361,48.331.709.385.691.000,5494684
Tokyo,Japan,23288390,26.759.554.102.396.600,23911576
Tokyo,Japan,2839433,4.126.966.473.988.210,2956615
Sao Paulo,Brazil,7569632,2.976.019.439.703.170,7794905
Los Angeles,USA,21449430,6.953.563.978.466.860,21598579
Mumbai,India,19803796,33.491.811.901.731.000,20467061
New York,USA,14291666,4.781.315.039.929.950,14974995
New York,USA,25006255,32.072.531.906.584.900,25808268
London,UK,8507324,4.186.349.867.420.550,8863470
Tokyo,Japan,7202258,44.789.290.850.678.300,7524842
Mumbai,India,22116451,15.263.589.737.701.900,22454027
Sydney,Australia,10880860,145.420.177.958.702,11039089
Sao Paulo,Brazil,4526737,3.249.414.449.829.460,4673829
Los Angeles,USA,9790529,2.349.628.114.130.170,10020570
Shanghai,China,19786176,4.279.375.862.900.240,20632900
Los Angeles,USA,22232430,455.010.405.529.105,23244028
Cairo,Egypt,26253779,20.903.962.068.622.300,26802587
New York,USA,7918889,15.659.175.153.851.600,8042892
Sao Paulo,Brazil,21593662,4.012.364.818.597.370,22460078
Cairo,Egypt,21153729,17.366.271.599.666.100,21521090
Mumbai,India,16823554,4.201.764.433.311.550,17530440
Shanghai,China,19715094,24.068.221.414.194.300,20189601
Tokyo,Japan,13790902,35.039.745.468.116.100,14274131
Sao Paulo,Brazil,11473867,9.299.089.122.560.060,11580563
Sao Paulo,Brazil,11864147,33.073.669.610.445.700,12256537
New York,USA,7193956,2.532.954.554.317.530,7376175
Moscow,Russia,14579173,31.397.380.842.896.300,15036920
Sao Paulo,Brazil,2705215,12.560.639.348.518.800,2739194
London,UK,23214365,38.159.318.522.488.100,24100209
Shanghai,China,15529416,4.382.586.848.944.520,16210006
Shanghai,China,28655393,14.753.291.004.084.900,29078154
London,UK,8271476,9.307.154.998.407.270,8348459
Sydney,Australia,24206827,6.063.736.372.085.130,24353610
London,UK,4266402,3.388.871.751.994.690,4410984
London,UK,14489651,32.319.231.623.995.100,14957945
Shanghai,China,25899065,2.960.138.357.213.310,26665713
Los Angeles,USA,25882005,15.437.619.325.218.800,26281561
Shanghai,China,28149675,2.259.076.981.574.810,28785597
Moscow,Russia,21886096,3.175.143.508.337.770,22581010
New York,USA,6499593,27.354.508.648.662.600,6677386
Cairo,Egypt,15072989,4.945.034.840.966.990,15818353
Los Angeles,USA,14126263,1.113.978.886.505.290,14283626
Tokyo,Japan,5261946,3.628.150.493.214.170,5452857
Cairo,Egypt,17867309,23.194.344.564.693.100,18281729
New York,USA,10944790,24.268.982.671.652.600,11210408
Moscow,Russia,13800127,3.729.189.945.461.790,14314759
Moscow,Russia,11392287,36.159.626.809.596.600,11804227
Tokyo,Japan,15338768,4.960.651.971.659.840,16099670
Los Angeles,USA,2732465,10.777.743.025.435.600,2761914
Sydney,Australia,20950800,9.684.934.222.287.480,21153707
London,UK,14109773,3.759.524.677.079.330,14640233
Los Angeles,USA,12045415,31.027.411.265.288.400,12419153
Sydney,Australia,16175617,17.337.229.995.191.200,16456057
Moscow,Russia,3859244,8.573.871.604.504.390,3892332
Shanghai,China,18663256,8.854.621.231.839.370,18828512
New York,USA,1322918,4.523.858.935.988.530,1382764
Tokyo,Japan,29104437,1.363.402.961.234.340,29501247
New York,USA,20023125,19.551.720.295.198.400,20414611
Mumbai,India,1116739,1.519.953.810.021.440,1133712
Mumbai,India,10675193,2.097.483.376.243.710,10899103
Los Angeles,USA,10168924,8.124.072.923.574.200,10251537
Moscow,Russia,16985249,2.835.769.059.087.210,17466911
Moscow,Russia,29700374,8.042.565.361.649.670,29939241
London,UK,16016740,4.101.604.285.200.620,16673683
London,UK,12878474,15.517.043.685.969.400,13078309
London,UK,10755461,2.930.053.615.720.290,11070601
Shanghai,China,2014929,4.460.355.894.026.560,2104802
Cairo,Egypt,27732671,34.289.481.607.123.700,28683609
Sao Paulo,Brazil,3420564,2.898.310.039.481.000,3519702
Cairo,Egypt,11971177,19.595.018.890.191.900,12205752
New York,USA,27645859,19.985.086.087.618.900,28198363
Cairo,Egypt,26354280,35.126.912.983.918.500,27280024
Shanghai,China,3653093,4.973.627.125.495.250,3834784
New York,USA,21080673,34.782.763.543.222.000,21813917
Cairo,Egypt,13811416,30.100.253.781.651.100,14227143
Shanghai,China,23666213,37.879.272.960.766.000,24562671
Sao Paulo,Brazil,7944121,25.934.252.552.767.300,8150145
Cairo,Egypt,7238795,7.706.405.417.035.330,7294580
Shanghai,China,15157398,30.303.356.714.505.900,15616718
London,UK,22544564,4.809.313.780.274.210,23628802
Moscow,Russia,14672297,12.888.632.406.094.600,14861402
London,UK,18493972,36.050.220.086.929.900,19160683
Moscow,Russia,26217050,14.042.015.989.657.500,26585190
Tokyo,Japan,7790968,29.112.245.801.288.600,8017780
Tokyo,Japan,4751198,9.350.440.234.102.380,4795623
Tokyo,Japan,29787333,2.526.669.213.161.830,30539960
Sao Paulo,Brazil,25146650,39.027.349.800.286.000,26128057
London,UK,16732903,20.640.718.590.754.100,17078282
Moscow,Russia,4138145,3.492.102.760.192.480,4282653
Shanghai,China,2226476,4.079.524.823.553.780,2317305
New York,USA,5184056,4.672.300.187.657.530,5426270
Shanghai,China,9960820,1.555.889.368.349.540,10115799
New York,USA,16016390,22.969.216.211.418.800,16384273
Mumbai,India,13807049,11.858.720.599.868.700,13970782
Shanghai,China,2500844,4.966.175.759.712.680,2625040
Cairo,Egypt,10317776,4.671.504.355.659.320,10799771
Cairo,Egypt,21220825,29.298.070.862.625.100,21842554
Los Angeles,USA,26529300,42.891.498.246.938.900,27667181
London,UK,2400283,28.443.108.977.241.800,2468554
New York,USA,23704829,3.306.135.596.012.410,24488542
New York,USA,15142073,9.010.599.445.220.740,15278512
London,UK,1691757,3.898.716.892.235.630,1757713
Sao Paulo,Brazil,1390719,10.747.106.763.585.500,1405665
Los Angeles,USA,10916545,4.217.304.336.136.370,11376928
Sao Paulo,Brazil,10538555,4.019.126.394.516.730,10962112
Sao Paulo,Brazil,24631669,3.689.351.139.843.390,25540417
Sao Paulo,Brazil,16713642,6.627.217.123.614.290,16824406
London,UK,21115136,18.640.776.017.539.700,21508738
Sao Paulo,Brazil,21073266,1.684.006.564.598.790,21428141
Cairo,Egypt,19895540,2.120.613.833.621.830,20317447
Tokyo,Japan,7827299,8.943.923.604.372.730,7897305
Mumbai,India,24025010,4.716.310.203.639.780,25158103
New York,USA,14579033,29.921.100.832.056.900,15015253
New York,USA,25694812,1.874.859.397.961.100,26176553
Mumbai,India,28844756,22.864.168.268.342.700,29504267
London,UK,5902666,25.124.114.322.717.600,6050965
Shanghai,China,18653247,3.202.674.500.122.770,19250649
London,UK,7232739,28.205.574.246.342.300,7436742
New York,USA,2270896,4.637.263.879.464.870,2376203
New York,USA,12952314,2.736.335.673.076.230,13306732
Mumbai,India,2059622,4.964.711.066.704.900,2161876
Sao Paulo,Brazil,5422375,4.331.412.309.852.930,5657240
London,UK,17770274,14.382.973.146.080.100,18025863
Moscow,Russia,18155381,4.687.678.465.897.620,19006446
Mumbai,India,26874486,10.236.487.904.846.400,27149586
Cairo,Egypt,5131479,4.178.523.688.210.360,5345899
New York,USA,10400725,22.128.048.206.446.100,10630872
Mumbai,India,26811012,4.450.884.442.002.810,28004339
London,UK,18192224,4.406.255.105.483.520,18993819
New York,USA,19409209,4.126.664.300.529.290,20210161
Shanghai,China,4351278,4.055.136.963.381.770,4527728
Mumbai,India,20119251,18.710.561.259.411.800,20495693
Los Angeles,USA,25755666,8.641.367.737.306.340,25978230
New York,USA,6703394,23.134.108.044.432.200,6858471
London,UK,25018163,1.280.860.317.439.280,25338610
Tokyo,Japan,20545578,3.627.279.900.061.070,21290823
Moscow,Russia,12415376,2.057.448.769.420.030,12670816
Sydney,Australia,18947581,4.890.245.903.869.610,19874164
Sao Paulo,Brazil,10068026,3.384.374.348.053.990,10408765
Sydney,Australia,14283692,4.201.162.536.354.620,14883773
London,UK,27777578,1.096.361.027.338.310,28082120
Cairo,Egypt,27280417,4.379.065.170.226.800,28475044
Cairo,Egypt,27392776,4.652.407.357.310.270,28667199
Tokyo,Japan,23708377,26.917.786.346.852.100,24346554
Sao Paulo,Brazil,24567809,32.281.382.198.793.900,25360891
Los Angeles,USA,22628404,39.416.441.040.634.700,23520335
Tokyo,Japan,3721864,12.867.738.226.718.500,3769755
Sydney,Australia,21724424,2.761.547.344.085.490,22324354
Tokyo,Japan,7984720,2.293.983.624.975.400,8167888
Sydney,Australia,29104320,1.158.682.964.730.120,29441546
New York,USA,15189784,21.539.049.003.118.900,15516957
Cairo,Egypt,8733308,8.067.753.922.347.210,8803766
New York,USA,4875754,6.161.535.812.726.910,4905796
Moscow,Russia,20482215,11.082.483.011.967.000,20709208
Sao Paulo,Brazil,23075433,4.834.018.002.151.280,24190903
Los Angeles,USA,29160024,29.728.829.115.275.700,30026917
Sydney,Australia,19101286,484.619.972.518.949,20026972
Los Angeles,USA,25141602,2.446.240.452.485.590,25756626
Sydney,Australia,29356738,1.903.172.598.883.660,29915447
London,UK,11912996,27.776.383.827.810.900,12243895
Tokyo,Japan,11047595,24.778.025.988.480.900,11321332
Moscow,Russia,29003805,9.754.910.791.778.470,29286734
Cairo,Egypt,23564965,3.383.718.416.105.920,24362337
Sydney,Australia,19439009,14.721.718.212.931.900,19725184
Los Angeles,USA,7576651,3.288.145.797.040.230,7825782
Moscow,Russia,7867218,342.590.491.579.169,8136741
Shanghai,China,10004644,11.841.118.390.789.100,10123110
Shanghai,China,25243243,7.760.733.219.980.060,25439149
New York,USA,12780026,4.013.427.137.307.970,13292943
Cairo,Egypt,14963258,2.569.101.906.961.940,15347679
London,UK,5987696,761.737.079.774.641,6033306
Los Angeles,USA,18206204,49.768.984.272.639.500,19112308
Tokyo,Japan,5084752,7.600.125.244.836.490,5123396
Tokyo,Japan,22152073,36.276.585.298.634.800,22955674
Los Angeles,USA,14143608,4.926.555.163.685.360,14840400
Sao Paulo,Brazil,3977590,15.763.104.689.716.600,4040289
London,UK,25376816,11.401.221.590.923.800,25666142
Moscow,Russia,24387950,104.623.222.740.093,24643104
Sydney,Australia,4297291,186.473.816.405.418,4377424
Sao Paulo,Brazil,13191037,9.547.061.495.479.100,13316972
Sydney,Australia,22671503,36.147.260.376.235.900,23491015
Sydney,Australia,25731863,7.803.130.915.852.820,25932652
Sao Paulo,Brazil,3490706,2.792.399.576.674.050,3588180
New York,USA,25319751,4.985.135.842.338.390,26581974
Shanghai,China,27357726,4.162.866.212.777.080,28496591
Sydney,Australia,9047252,3.268.487.472.039.540,9342960
Sao Paulo,Brazil,6254224,18.781.412.935.397.500,6371687
Sao Paulo,Brazil,11880726,33.075.312.633.123.700,12273684
Mumbai,India,23992356,28.716.865.876.024.300,24681341
New York,USA,21515189,24.173.752.275.066.700,22035291
Cairo,Egypt,19979791,10.881.966.953.308.900,20197210
Mumbai,India,24388869,44.897.189.685.821,25483860
Mumbai,India,18241287,2.524.030.919.695.950,18701702
Los Angeles,USA,22158353,13.758.013.031.934.400,22463207
Shanghai,China,22689432,2.154.917.078.947.800,23178370
Sao Paulo,Brazil,26941259,23.635.838.863.801.700,27578038
Shanghai,China,11563214,4.223.920.530.050.930,12051634
London,UK,25374842,38.012.647.125.263.000,26339406
Los Angeles,USA,15143385,3.961.872.021.386.020,15743346
Cairo,Egypt,21275688,5.496.406.899.289.120,21392627
Shanghai,China,29172140,2.372.692.991.808.920,29864305
Tokyo,Japan,26146905,26.660.486.823.589.500,26843994
Sydney,Australia,2564718,5.863.652.457.037.550,2579756
London,UK,22916959,16.691.594.393.526.500,23299479
New York,USA,11523401,39.213.042.040.496.000,11975268
Cairo,Egypt,10991183,11.169.936.757.804.900,11113953
London,UK,15488262,29.088.955.915.366.600,15938799
Sydney,Australia,4813270,14.684.084.240.775.600,4883948
Los Angeles,USA,5806425,5.545.434.858.975.190,5838624
Sydney,Australia,24387092,15.854.065.591.979.300,24773726
Mumbai,India,20156053,4.891.431.897.095.240,21141972
Sydney,Australia,7123769,4.106.917.003.473.450,7416336
Mumbai,India,2524102,4.818.094.899.444.650,2645715
Los Angeles,USA,12579149,2.695.343.197.668.630,12918200
Moscow,Russia,15324046,9.938.128.940.487.650,15476338
Mumbai,India,10052788,29.658.177.003.816.100,10350935
New York,USA,20160582,2.544.698.005.519.820,20673607
Sydney,Australia,3035848,4.299.606.872.328.270,3166377
Sydney,Australia,22900146,9.413.716.135.291.000,23115721
New York,USA,11828463,2.697.085.116.598.000,12147486
Tokyo,Japan,26370439,11.752.189.911.229.200,26680349
Sao Paulo,Brazil,10913841,19.610.416.710.052.600,11127865
Moscow,Russia,27969564,38.181.068.482.450.900,29037471
Cairo,Egypt,24468625,2.642.081.582.159.440,25115106
Mumbai,India,13356830,2.191.497.283.155.960,13649544
New York,USA,12457501,2.275.143.253.565.150,12740926
Los Angeles,USA,1838003,256.751.045.782.694,1885193
Mumbai,India,4433382,40.325.744.472.667.500,4612161
Sao Paulo,Brazil,9670178,4.514.381.100.231.050,10106726
Los Angeles,USA,29348817,4.799.006.089.267.670,30757268
London,UK,4395049,4.041.065.238.148.820,4572655
Sydney,Australia,17843366,19.193.310.308.660.500,18185839
London,UK,25728848,35.966.061.773.894.300,26654213
Mumbai,India,8429645,24.692.140.582.492.600,8637790
Sao Paulo,Brazil,11822814,16.460.177.992.072.300,12017419
Moscow,Russia,23858903,4.283.922.107.416.650,24880999
Mumbai,India,15801890,6.729.185.703.304.620,15908223
New York,USA,26725547,4.557.928.964.609.400,27943678
Shanghai,China,15514363,25.766.485.908.113.000,15914113
Mumbai,India,20324716,33.674.066.456.372.600,21009131
Sydney,Australia,29521569,34.670.926.499.260.200,30545109
Sydney,Australia,10388162,45.280.298.331.794.100,10858541
Mumbai,India,5193060,3.365.013.569.752.430,5367807
Los Angeles,USA,17911271,3.262.701.131.420.270,18495662
Shanghai,China,16170521,7.999.341.825.231.040,16299874
New York,USA,26841846,28.328.360.987.534.100,27602231
Mumbai,India,26975766,11.757.605.036.766.800,27292936
Los Angeles,USA,13267883,38.184.519.592.466.800,13774510
Sydney,Australia,10084966,2.804.998.643.657.030,10367849
Sydney,Australia,12984398,356.102.500.643.759,13446775
Sao Paulo,Brazil,2841648,6.875.280.527.107.290,2861185
Mumbai,India,8132508,8.815.640.722.061.140,8204201
Shanghai,China,24215061,37.234.552.462.820.700,25116697
Tokyo,Japan,27854296,8.243.795.119.940.300,28083921
Shanghai,China,15949772,8.206.552.749.436.630,16080664
Sydney,Australia,4828433,5.544.881.385.569.930,4855206
Sydney,Australia,20512480,480.425.629.234.766,21497952
London,UK,14594639,3.818.787.617.565.530,15151977
Sydney,Australia,22225964,2.089.631.338.259.280,22690404
New York,USA,28866537,18.344.101.157.944.400,29396067
Cairo,Egypt,8152747,2.073.664.533.856.320,8321807
Mumbai,India,28474813,3.985.940.890.315.310,29609802
Shanghai,China,15790081,3.476.167.749.816.860,16338970
Cairo,Egypt,5137270,13.333.800.554.036.000,5205769
Los Angeles,USA,5317922,12.834.920.090.033.700,5386177
Tokyo,Japan,13504233,9.427.804.237.102.870,13631548
New York,USA,26625121,34.713.622.386.560.200,27549375
Shanghai,China,25242589,39.396.769.799.978.100,26237065
Cairo,Egypt,2020154,1.692.708.927.462.510,2054349
Tokyo,Japan,25848140,5.942.523.246.391.070,26001743
London,UK,24620748,869.772.503.643.923,24834892
New York,USA,5945169,4.855.370.156.802.630,6233828
New York,USA,7733215,1.829.501.498.648.390,7874694
London,UK,13465759,39.615.041.652.716.000,13999205
Mumbai,India,9195810,3.310.986.059.844.180,9500281
London,UK,25681510,22.187.283.784.380.300,26251312
New York,USA,8185197,1.425.592.679.879.990,8301884
New York,USA,25948764,1.046.238.881.717.320,26220250
Cairo,Egypt,7714301,32.675.583.561.749,7966370
Sydney,Australia,12192304,3.985.852.012.870.040,12678271
Tokyo,Japan,16004124,3.397.569.140.935.080,16547875
London,UK,28259197,28.863.595.996.212.100,29074859
Tokyo,Japan,15229748,6.887.805.054.423.630,15334647
London,UK,14824747,4.858.199.499.174.720,15544962
Los Angeles,USA,11760888,4.094.213.862.445.580,12242403
New York,USA,12305231,18.176.991.651.543.400,12528903
Sydney,Australia,28872695,4.909.866.482.114.820,30290305
Cairo,Egypt,27035947,32.084.671.533.634.400,27903386
Sydney,Australia,12374857,3.120.901.961.932.600,12761064
Sydney,Australia,25746909,38.663.293.074.328.900,26742369
Sydney,Australia,16909784,4.152.964.046.405.610,17612041
Tokyo,Japan,2859582,34.541.537.329.917.600,2958356
London,UK,14775236,10.764.308.586.479.000,14934281
Moscow,Russia,25521280,20.222.037.769.752.400,26037372
Los Angeles,USA,19907101,46.763.763.814.672.200,20838031
Shanghai,China,15372528,15.107.702.532.973.300,15604771
Sydney,Australia,5720642,217.475.160.726.881,5845051
Mumbai,India,28372972,24.443.459.732.488.800,29066505
Tokyo,Japan,14141133,2.477.322.453.625.030,14491454
Cairo,Egypt,1549239,32.582.281.212.253.600,1599716
Shanghai,China,26722525,4.743.841.269.851.180,27990199
Moscow,Russia,6408753,15.831.172.032.462.700,6510211
Mumbai,India,20824785,10.467.561.933.541.300,21042769
Moscow,Russia,14619492,1.388.617.204.369.710,14822500
Shanghai,China,14016728,4.491.162.050.941.710,14646241
Sydney,Australia,17441775,3.406.148.656.948.420,18035867
Mumbai,India,10659072,17.865.805.515.762.200,10849504
Moscow,Russia,18562548,4.171.761.225.358.770,19336933
Cairo,Egypt,15376941,4.376.164.983.635.460,16049861
London,UK,26933774,4.309.314.524.106.250,28094435
New York,USA,26332296,4.635.169.401.377.990,27552842
London,UK,1397710,1.635.084.590.780.120,1420563
Shanghai,China,7503216,38.976.886.793.582.500,7795668
Tokyo,Japan,5317048,257.242.773.773.363,5453825
New York,USA,15133434,4.288.993.488.005.270,15782505
Los Angeles,USA,20965945,37.782.080.472.272.500,21758082
Cairo,Egypt,5785956,39.940.135.092.487.600,6017047
Los Angeles,USA,22882940,34.527.282.695.648.200,23673025
Mumbai,India,6025764,1.298.429.462.613.680,6104004
New York,USA,15918570,29.526.211.350.362.200,16388585
Los Angeles,USA,12238779,4.931.013.827.860.280,12842274
Los Angeles,USA,16110853,4.718.246.299.237.030,16871002
Moscow,Russia,25773414,6.942.818.110.865.520,25952354
London,UK,18687991,1.241.666.670.782.460,18920033
Moscow,Russia,6954878,10.927.794.805.455.200,7030879
New York,USA,28762698,376.690.959.493.383,29846162
New York,USA,23705213,4.180.033.984.356.250,24696098
Shanghai,China,18336140,14.608.011.483.980.200,18603994
Moscow,Russia,21658401,27.763.371.182.832.300,22259711
Sao Paulo,Brazil,13762264,42.831.636.260.504,14351724
London,UK,6004998,37.976.069.514.481.200,6233044
New York,USA,11679043,29.400.674.247.133.100,12022414
Shanghai,China,22943866,3.156.564.607.064.470,23668103
Moscow,Russia,14497927,278.762.246.112.326,14902074
London,UK,23470291,18.389.680.309.346.900,23901902
Moscow,Russia,9109916,30.425.989.678.655.700,9387094
Los Angeles,USA,6193278,3.599.983.859.225.400,6416235
Shanghai,China,18208629,4.429.953.121.373.630,19015262
London,UK,27518388,3.363.311.092.906.610,28443916
Sydney,Australia,11812658,3.925.046.916.694.210,12276310
Mumbai,India,21942316,12.203.223.572.955.700,22210082
Mumbai,India,14534573,25.770.086.348.890.500,14909130
London,UK,18640777,5.419.922.892.219.190,18741808
Moscow,Russia,1302186,16.100.548.903.473.000,1323151
Shanghai,China,20984609,37.690.777.180.085.200,21775535
Mumbai,India,6489464,4.963.144.781.072.130,6811545
Shanghai,China,8456985,9.463.014.481.424.710,8537013
Mumbai,India,24544744,23.067.244.213.757.900,25110923
Los Angeles,USA,29994288,41.003.193.591.462.100,31224149
Moscow,Russia,18803769,14.181.603.558.300.400,19070436
Los Angeles,USA,27401026,2.997.882.271.860.280,28222476
Mumbai,India,26311095,37.988.208.321.335.300,27310606
Sydney,Australia,28381509,32.719.345.261.708.000,29310133
Sydney,Australia,17727556,13.461.113.057.693.700,17966188
Los Angeles,USA,14551364,20.992.305.590.858.200,14856830
Sydney,Australia,21521013,4.027.063.030.184.280,22387677
Mumbai,India,2514542,2.994.019.313.594.070,2589827
London,UK,24134934,5.235.332.609.431.070,24261288
Los Angeles,USA,5180656,3.924.458.420.126.420,5383968
Tokyo,Japan,12318792,6.589.010.972.310.750,12399960
Moscow,Russia,26242722,38.558.020.222.905.400,27254589
Sydney,Australia,16135763,14.111.625.207.435.600,16363464
Sydney,Australia,12683705,4.811.330.660.537.210,13293959
New York,USA,7846192,215.573.338.085.938,8015334
Sao Paulo,Brazil,9676924,1.971.192.273.521.350,9867674
Los Angeles,USA,11397562,1.169.996.226.496.000,11530913
Cairo,Egypt,25124905,1.875.218.969.705.960,25596051
Sydney,Australia,2829553,4.444.928.428.226.900,2955324
Moscow,Russia,4041341,4.983.504.519.322.610,4242741
Tokyo,Japan,18816720,21.573.928.872.808.100,19222670
Sydney,Australia,24443671,25.187.478.392.954.400,25059345
Tokyo,Japan,15315679,3.749.319.221.912.310,15889912
Mumbai,India,11493666,4.487.881.012.092.830,12009488
Mumbai,India,25440805,31.686.995.038.405.200,26246947
Sao Paulo,Brazil,25695564,2.261.865.641.800.230,26276763
London,UK,22765239,2.356.798.283.818.800,23301769
Cairo,Egypt,25413052,3.630.281.659.235.630,26335617
New York,USA,25586222,5.144.821.862.192.540,25717858
Sao Paulo,Brazil,16527000,3.288.152.018.569.280,17070432
Shanghai,China,19453059,2.099.718.546.986.100,19861518
New York,USA,9423309,4.073.887.990.746.870,9807204
Los Angeles,USA,4229028,9.184.578.792.040.940,4267869
Moscow,Russia,24834209,31.469.102.012.677.500,25615719
Shanghai,China,19498826,26.643.780.044.875.500,20018348
Shanghai,China,11569320,33.904.648.665.735.200,11961573
Sao Paulo,Brazil,3339767,7.918.411.751.733.570,3366212
London,UK,20391451,31.099.270.434.265.900,21025610
Sao Paulo,Brazil,1491036,3.026.680.645.817.850,1536164
Los Angeles,USA,26493128,30.229.704.248.727.600,27294007
Sydney,Australia,23824130,32.156.944.996.840.400,24590241
Sydney,Australia,11851224,354.410.571.751.863,12271243
London,UK,3710241,4.122.450.498.563.460,3863193
Los Angeles,USA,12822411,17.141.932.405.769.600,13042211
London,UK,18920169,4.212.722.345.810.270,19717223
Tokyo,Japan,21738568,2.742.150.570.185.540,22334672
Sydney,Australia,4978702,8.467.622.561.044.900,5020859
Shanghai,China,9168984,7.634.791.815.979.060,9238987
Cairo,Egypt,18104132,20.040.724.341.322.700,18466951
Moscow,Russia,4597706,4.032.036.397.001.600,4783087
Los Angeles,USA,5506554,3.684.564.206.334.120,5709446
New York,USA,1605409,404.876.734.102.583,1670408
London,UK,10462743,2.827.710.753.987.240,10758599
Moscow,Russia,12377787,24.808.954.907.997.000,12684866
New York,USA,24626702,11.635.363.701.782.700,24913242
Moscow,Russia,22827621,1.976.867.391.241.900,23278892
Cairo,Egypt,9337735,24.530.871.477.824.300,9566797
New York,USA,2725690,8.987.019.335.582.770,2750185
Sao Paulo,Brazil,21057988,14.927.537.872.004.500,21372331
Mumbai,India,9197295,31.920.138.232.868.200,9490873
Sao Paulo,Brazil,16840857,3.810.484.014.076.350,17482575
Sydney,Australia,6809041,4.992.563.801.268.270,7148986
Mumbai,India,13546501,469.900.999.104.601,14183052
Sao Paulo,Brazil,6087268,3.391.543.397.908.360,6293720
Mumbai,India,7155579,23.956.162.398.233.200,7326999
Mumbai,India,1403119,3.362.798.141.187.040,1450303
Shanghai,China,16338444,4.035.432.281.361.040,16997770
London,UK,17556827,1.032.512.859.155.240,17738103
London,UK,25989636,2.344.572.003.633.290,26598981
Shanghai,China,13708903,4.279.110.285.360.270,14295522
Moscow,Russia,1402732,22.272.482.836.986.900,1433974
Tokyo,Japan,18283295,30.734.252.205.223.300,18845218
Moscow,Russia,2950013,3.144.962.123.879.890,3042789
New York,USA,28789660,13.301.431.391.013.700,29172603
New York,USA,2132658,21.300.594.874.352.900,2178084
Mumbai,India,19762425,2.005.300.799.338.690,20158721
Sao Paulo,Brazil,5322626,6.178.851.883.942.910,5355513
Sao Paulo,Brazil,18434167,6.088.629.375.110.980,18546405
London,UK,26177127,42.426.366.965.409.800,27287727
Los Angeles,USA,27376033,1.728.818.644.877.650,27849314
Moscow,Russia,21256807,28.313.544.480.746.600,21858662
Sydney,Australia,14881178,18.442.650.811.494.700,15155626
Cairo,Egypt,22981132,4.733.056.603.019.030,24068841
Sao Paulo,Brazil,7026988,16.668.354.148.959.800,7144116
Cairo,Egypt,16590661,2.433.455.657.325.200,16994387
Mumbai,India,25203479,4.427.286.127.180.700,26319309
Cairo,Egypt,3366610,4.288.701.050.563.130,3510993
Sydney,Australia,5180303,1.337.456.380.308.240,5249587
Shanghai,China,10456807,4.111.894.894.080.690,10886779
Sydney,Australia,14305947,2.561.840.990.320.510,14672442
Cairo,Egypt,5684346,26.733.599.243.840.900,5836309
Sydney,Australia,1458298,1.100.659.875.871.740,1474348
Tokyo,Japan,18824559,8.627.068.119.070.600,18986959
Mumbai,India,23496936,3.775.726.881.381.940,24384116
Moscow,Russia,26271052,2.734.075.185.598.840,26989322
Shanghai,China,5620650,2.465.828.161.768.300,5759245
Sao Paulo,Brazil,19532908,37.827.870.289.357.800,20271796
New York,USA,10272664,3.944.808.045.459.990,10677900
Moscow,Russia,2730228,1.215.086.754.512.090,2763402
New York,USA,2946793,3.246.013.172.649.380,3042446
Mumbai,India,19346339,11.090.933.702.495.800,19560907
Shanghai,China,7115518,38.811.878.871.307.000,7391684
London,UK,16797914,3.456.298.203.202.120,17378499
Sao Paulo,Brazil,12667877,4.804.765.794.875.560,13276538
Tokyo,Japan,8393979,8.103.110.736.038.950,8461996
London,UK,11115078,7.567.462.451.806.440,11199190
Mumbai,India,29506244,17.698.418.361.194.000,30028457
Moscow,Russia,26214698,1.677.675.576.811.570,26654495
Tokyo,Japan,2622572,16.114.045.958.239.900,2664832
Sydney,Australia,20997497,4.578.145.612.344.660,21958792
Cairo,Egypt,20467000,16.229.578.993.227.700,20799170
Tokyo,Japan,25952818,17.237.737.675.788.300,26400185
Mumbai,India,18486878,39.172.921.808.808.300,19211063
Los Angeles,USA,24640598,252.382.929.102.743,25262484
Cairo,Egypt,23098345,39.951.975.062.983.100,24021169
New York,USA,17620937,7.941.477.090.397.330,17760873
Sao Paulo,Brazil,9859060,2.694.070.371.530.220,10124670
New York,USA,6672605,6.512.612.008.247.710,6716061
Tokyo,Japan,11528294,7.819.394.155.490.950,11618438
New York,USA,20369886,4.578.968.540.049.840,21302616
Mumbai,India,5810833,11.266.041.700.291.700,5876298
Sydney,Australia,24480675,2.895.893.070.238.470,25189609
Moscow,Russia,7417665,23.499.302.117.031.700,7591974
Sao Paulo,Brazil,18219277,2.063.044.968.164.790,18595148
New York,USA,29500556,4.549.250.055.592.720,30842610
New York,USA,4761675,5.982.052.854.897.020,4790159
Tokyo,Japan,28427110,34.870.535.877.901.500,29418378
Moscow,Russia,25192961,4.835.274.953.960.970,26411109
London,UK,25859871,3.020.756.825.578.280,26641034
New York,USA,26654796,4.715.701.079.148.910,27911756
Mumbai,India,27289818,735.160.456.787.107,27490441
Los Angeles,USA,20858544,2.384.569.935.833.720,21355930
Sao Paulo,Brazil,23148328,16.707.100.593.292.300,23535069
New York,USA,28783527,3.788.694.342.413.280,29874046
Mumbai,India,9551646,491.583.690.723.761,10021189
Mumbai,India,8281505,1.654.385.280.999.110,8418512
Sao Paulo,Brazil,6124795,3.443.785.706.633.330,6335719
London,UK,6411263,13.914.393.474.188.300,6500471
Mumbai,India,4963735,30.439.861.455.722.400,5114830
Los Angeles,USA,27540396,2.587.696.190.097.510,28253057
Mumbai,India,28521698,48.740.239.833.419.100,29911852
Mumbai,India,15812143,32.383.727.271.340.900,16324199
Mumbai,India,24270725,20.727.786.743.906.800,24773803
Sydney,Australia,9989138,10.134.310.319.957,10090371
Sydney,Australia,14810077,11.806.107.293.072.000,14984926
London,UK,13037574,15.139.261.847.805.500,13234953
New York,USA,10466441,1.629.349.976.031.340,10636975
Mumbai,India,11966248,432.777.226.028.512,12484119
Moscow,Russia,9824031,3.025.502.547.271.360,10121257
New York,USA,18970145,2.855.259.101.184.640,19511791
London,UK,26489214,10.164.599.234.114.700,26758466
Shanghai,China,7555035,4.370.628.620.072.450,7885237
New York,USA,11052829,37.526.643.644.381.700,11467604
New York,USA,16886372,8.045.076.285.500.070,17022224
Cairo,Egypt,5068316,3.685.257.937.533.950,5255096
Tokyo,Japan,9067987,29.459.219.780.419.000,9335122
Cairo,Egypt,2656671,8.677.640.558.605.020,2679724
Los Angeles,USA,23458851,2.562.352.886.878.950,24059949
Sydney,Australia,23922481,26.811.332.920.852.100,24563874
Sydney,Australia,9527171,12.459.854.307.347.400,9645878
Tokyo,Japan,18560282,475.564.166.150.127,19442942
Sao Paulo,Brazil,10943231,4.324.889.171.662.970,11416513
Sao Paulo,Brazil,22677072,35.106.005.179.809.800,23473173
London,UK,24017995,25.803.300.245.027.300,24637738
Tokyo,Japan,21833173,23.529.449.371.302.800,22346895
New York,USA,24394704,34.293.806.021.792.900,25231291
Sao Paulo,Brazil,18375113,29.544.434.123.310.700,18917995
Mumbai,India,21718453,7.802.289.764.684.850,21887906
Moscow,Russia,10161408,28.062.619.194.664.900,10446563
New York,USA,14885461,4.128.816.277.547.770,15500054
Los Angeles,USA,17011737,2.566.579.449.186.310,17448356
Mumbai,India,19820215,7.338.045.989.942.070,19965656
Mumbai,India,29688378,40.382.518.972.281.400,30887269
Tokyo,Japan,4659985,14.061.370.196.118.800,4725510
London,UK,19680113,16.637.937.569.961.700,20007549
Los Angeles,USA,25796429,12.411.785.904.453.300,26116608
Sao Paulo,Brazil,21353727,1.985.967.791.921.730,21777805
Tokyo,Japan,18941166,3.905.381.775.598.850,19680890
Sao Paulo,Brazil,1549148,2.837.236.367.767.710,1593100
Tokyo,Japan,3773707,14.219.657.336.782.000,3827367
Tokyo,Japan,22845218,4.450.235.351.684.180,23861883
Tokyo,Japan,3773939,4.458.118.347.281.880,3942185
London,UK,2935740,4.417.602.912.707.030,3065429
Tokyo,Japan,4434955,15.745.829.512.169.200,4504787
Shanghai,China,5936710,25.305.770.488.144.400,6086943
Moscow,Russia,14426716,4.932.453.452.633.930,15138307
Sao Paulo,Brazil,28911050,3.974.056.143.394.950,30059991
New York,USA,6155872,6.222.533.955.150.190,6194177
Cairo,Egypt,15163589,7.934.206.606.722.140,15283900
Los Angeles,USA,20954542,25.876.911.956.554.900,21496780
Sydney,Australia,19331726,4.591.490.926.377.020,20219340
London,UK,27996639,2.924.158.090.787.210,28815304
New York,USA,21540338,2.740.156.286.154.300,22130576
Mumbai,India,11774986,9.746.316.498.048.370,11889748
Shanghai,China,16495737,34.555.104.712.593.200,17065748
Sydney,Australia,5421590,4.199.464.222.701.010,5649267
Cairo,Egypt,3534937,22.118.900.337.840.300,3613125
New York,USA,12546081,39.902.533.291.639.700,13046701
Sydney,Australia,1812461,48.401.449.425.536.500,1900186
New York,USA,22204252,1.416.949.066.074.600,22518874
Shanghai,China,19495440,2.854.983.340.376.330,20052031
Cairo,Egypt,3710626,179.212.081.138.059,3777124
Mumbai,India,27089868,4.067.844.885.652.270,28191841
Tokyo,Japan,12369960,3.099.170.146.465.200,12753326
Sao Paulo,Brazil,16404302,3.355.620.878.976.360,16954768
Mumbai,India,25683382,4.090.613.718.271.520,26733989
Tokyo,Japan,25087324,2.281.867.126.981.040,25659783
London,UK,27552476,4.617.905.307.831.690,28824823
Moscow,Russia,7440010,28.986.299.026.076.200,7655668
Los Angeles,USA,9674163,1.210.796.702.759.060,9791297
Los Angeles,USA,18221407,3.631.546.031.759.610,18883125
Sao Paulo,Brazil,19279553,4.069.676.076.972.140,20064168
Cairo,Egypt,4486669,192.542.754.680.387,4573056
Shanghai,China,15994515,4.357.306.656.494.380,16691445
Cairo,Egypt,27086421,4.577.644.646.445.940,28326341
Shanghai,China,28209162,17.460.701.932.001.400,28701713
Cairo,Egypt,4722946,4.925.846.627.218.490,4955591
Moscow,Russia,24841616,1.133.201.876.219.410,25123121
London,UK,10874813,1.409.070.507.811.200,11028046
London,UK,12254507,13.290.117.765.711.100,12417370
Tokyo,Japan,1224695,4.522.953.695.035.410,1280087
Sydney,Australia,12370075,34.443.164.854.623.200,12796139
London,UK,21218844,11.844.692.745.002.200,21470174
London,UK,27267668,24.814.553.826.575.700,27944303
Mumbai,India,15063918,32.688.411.128.141.000,15556333
Mumbai,India,25330191,8.755.883.824.522.240,25551979
Tokyo,Japan,25900452,4.470.873.657.833.020,27058428
Sydney,Australia,25539066,4.116.215.909.486.900,26590309
Sao Paulo,Brazil,16388755,27.734.304.810.948.700,16843285
Mumbai,India,10799314,4.852.069.768.666.260,11323304
Sao Paulo,Brazil,4340216,23.799.244.067.379.400,4443509
New York,USA,21610500,492.849.643.566.424,22675572
Mumbai,India,14245696,35.056.399.946.163.200,14745098
Moscow,Russia,2847865,33.560.207.296.427.300,2943439
Sydney,Australia,15921595,12.467.970.288.310.300,16120104
Tokyo,Japan,25363941,4.468.674.912.370.890,26497373
New York,USA,15568974,2.423.703.595.642.760,15946319
Sydney,Australia,16674529,1.230.050.326.021.150,16879634
Moscow,Russia,10308092,5.567.338.398.909.150,10365480
Sydney,Australia,22675170,30.189.005.763.727.200,23359710
Moscow,Russia,5017136,28.732.982.995.520.400,5161293
Moscow,Russia,14869848,37.370.913.006.612.100,15425547
Sao Paulo,Brazil,18122071,450.616.123.858.011,18938680
Cairo,Egypt,6750283,8.573.296.308.936.320,6808155
New York,USA,2074961,37.917.342.065.316.300,2153638
Sydney,Australia,22402894,134.335.374.843.912,22703844
Shanghai,China,12950571,4.361.796.739.207.230,13515448
New York,USA,20155151,41.857.858.123.774.500,20998802
Cairo,Egypt,18911322,29.335.718.974.349.400,19466099
New York,USA,13866619,3.696.092.593.804.900,14379142
London,UK,26074093,19.145.755.093.268.600,26573301
Shanghai,China,3474968,2.620.255.545.197.660,3566021
Cairo,Egypt,7166160,4.197.366.039.697.120,7466949
Sao Paulo,Brazil,23449756,25.666.933.872.794.600,24051639
Sydney,Australia,14569332,2.110.092.193.964.480,14876758
Los Angeles,USA,23422023,27.239.560.126.263.400,24060028
Cairo,Egypt,23749774,4.227.121.635.967.480,24753705
Tokyo,Japan,3442266,20.084.362.131.689.200,3511401
Sydney,Australia,5437677,12.819.271.691.108.400,5507384
Cairo,Egypt,14793267,37.040.630.914.885.100,15341218
London,UK,10607366,42.169.019.571.863.600,11054668
Los Angeles,USA,6241218,9.528.686.533.559,6300688
London,UK,27821567,15.794.335.074.017.500,28260990
Los Angeles,USA,22927851,11.388.739.539.244.700,23188970
Tokyo,Japan,6481140,20.657.363.521.197.400,6615023
Sydney,Australia,24991831,2.526.579.405.074.350,25623269
Sao Paulo,Brazil,29234105,3.869.718.516.334.870,30365382
London,UK,25787859,34.301.641.319.675.300,26672424
London,UK,5981262,32.941.785.536.529.400,6178295
Moscow,Russia,22302424,20.856.872.597.434.400,22767582
Los Angeles,USA,6290717,428.651.398.888.142,6560369
Mumbai,India,1518349,26.207.922.532.917.400,1558141
Sydney,Australia,20659206,4.905.972.221.068.190,21672740
Los Angeles,USA,1797968,33.536.396.223.308.100,1858265
Moscow,Russia,25670077,10.681.913.370.402.600,25944282
New York,USA,26244907,3.542.799.029.339.450,27174711
Los Angeles,USA,23988627,19.629.680.694.426.400,24459516
Sao Paulo,Brazil,3655971,35.884.723.850.874.300,3787164
Sydney,Australia,16999496,8.133.851.667.308.250,17137767
Moscow,Russia,23386341,12.869.664.672.918.100,23687315
New York,USA,20651515,4.350.817.665.076.030,21550024
Shanghai,China,8339838,1.522.308.006.605.810,8466796
Moscow,Russia,14236949,426.668.506.359.323,14844394
Shanghai,China,17520181,17.567.423.980.448.400,17827965
Sydney,Australia,25107508,33.929.685.952.641.800,25959397
London,UK,15467188,36.236.775.807.942.300,16027669
Moscow,Russia,19581889,28.069.463.891.527.300,20131542
Tokyo,Japan,3938199,18.738.980.451.352.900,4011996
Shanghai,China,16286855,14.568.996.936.699.300,16524138
Sao Paulo,Brazil,25371594,649.352.095.530.918,25536344
Tokyo,Japan,9998604,18.677.588.055.832.500,10185353
Cairo,Egypt,5909776,34.392.325.573.907.700,6113026
Cairo,Egypt,17355399,4.722.371.683.018.170,18174985
New York,USA,16724308,4.420.420.170.183.730,17463592
London,UK,10167121,39.472.914.944.088.600,10568446
Sydney,Australia,4303389,4.048.013.044.639.840,4477590
Moscow,Russia,9025407,34.924.320.656.419.700,9340613
Mumbai,India,22131601,16.712.908.590.470.100,22501484
Sao Paulo,Brazil,15501229,4.582.377.638.176.230,16211553
Shanghai,China,26554414,3.518.295.403.576.250,27488676
Sydney,Australia,27931806,302.198.283.941.198,28775900
Tokyo,Japan,14476005,9.994.526.114.606.640,14620685
Cairo,Egypt,12167263,25.117.499.471.289.100,12472874
Sao Paulo,Brazil,4151882,2.571.612.220.408.660,4258652
Mumbai,India,4210016,4.390.536.242.852.010,4394858
Moscow,Russia,28545701,2.959.916.990.845.040,29390630
New York,USA,7737320,22.118.024.703.668.400,7908454
Mumbai,India,3389383,4.895.601.478.297.960,3555313
Sao Paulo,Brazil,24773962,9.982.426.699.684.200,25021266
Mumbai,India,17941269,24.014.679.274.037.500,18372122
Sao Paulo,Brazil,15464087,6.891.110.382.713.230,15570651
Sao Paulo,Brazil,23750760,38.295.685.434.511.800,24660311
Los Angeles,USA,6282379,4.631.344.484.896.170,6573337
Shanghai,China,10825144,17.601.679.829.772.000,11015684
Cairo,Egypt,3542637,43.625.375.455.960.400,3697185
Los Angeles,USA,9033951,181.498.203.707.854,9197915
Moscow,Russia,12779534,4.598.465.727.397.610,13367196
Los Angeles,USA,29779087,38.928.285.661.855.200,30938335
London,UK,25884533,4.122.080.495.786.470,26951514
London,UK,5158549,5.810.295.002.020.450,5188521
Cairo,Egypt,10734816,4.832.646.606.833.110,11253591
Mumbai,India,22308105,37.700.194.643.164.500,23149124
Shanghai,China,11167207,18.713.799.292.375.900,11376187
Cairo,Egypt,9411039,4.232.275.991.864.810,9809340
Sao Paulo,Brazil,17052465,17.668.453.928.671.800,17353755
Tokyo,Japan,27408955,4.427.392.278.047.570,28622456
Shanghai,China,10035616,10.066.117.568.537.100,10136635
Shanghai,China,9962049,3.666.586.898.573.580,10327316
Sao Paulo,Brazil,13851424,29.331.431.449.020.900,14257706
Sao Paulo,Brazil,9284960,9.344.051.158.794.830,9371719
New York,USA,19827165,15.885.222.271.647.700,20142123
Cairo,Egypt,9388512,5.558.181.632.479.160,9440695
Sao Paulo,Brazil,19045516,26.094.558.445.902.700,19542500
London,UK,2947763,18.556.936.734.200.000,3002464
Moscow,Russia,27795673,3.192.608.679.339.910,28683080
Tokyo,Japan,28050901,18.375.701.346.887.700,28566355
Cairo,Egypt,8654502,1.849.636.001.781.430,8814578
Sydney,Australia,4882149,38.443.693.942.922.100,5069836
London,UK,22650278,7.166.427.619.025.900,22812599
Mumbai,India,24822425,4.563.027.478.363.940,25955079
Sao Paulo,Brazil,9439469,4.335.187.434.760.310,9848687
Sydney,Australia,25455289,35.051.210.745.188.200,26347527
Sao Paulo,Brazil,16941617,31.694.970.654.832.200,17478581
Shanghai,China,5845710,4.515.361.241.628.430,6109664
London,UK,21777953,1.333.985.807.879.210,22068467
Shanghai,China,10109609,8.553.612.298.587.280,10196082
New York,USA,15689142,15.777.957.645.929.200,15936684
Shanghai,China,28156907,4.075.602.254.150.850,29304470
New York,USA,13907824,656.016.200.269.175,13999061
New York,USA,27789735,31.226.307.578.757.000,28657505
Sydney,Australia,16538122,4.979.468.822.860.890,17361632
Sao Paulo,Brazil,15391234,4.350.632.422.268.920,16060850
Mumbai,India,25035962,28.465.056.006.961.500,25748612
Shanghai,China,2443717,7.863.840.917.898.900,2462934
London,UK,5409352,4.241.180.814.735.690,5638772
New York,USA,29023557,31.954.032.867.974.400,29950976
Sao Paulo,Brazil,22888358,10.171.984.867.680.500,23121178
Tokyo,Japan,16329502,922.357.781.705.103,16480118
Cairo,Egypt,10594271,4.593.320.687.464.660,11080899
Sydney,Australia,9421928,3.511.401.183.221.350,9752769
Mumbai,India,26492849,42.317.905.969.254,27613970
Los Angeles,USA,24683787,4.455.405.051.270.200,25783549
Sydney,Australia,17241927,307.297.558.421.745,17771767
Tokyo,Japan,9752967,2.828.508.582.897.680,10028830
Cairo,Egypt,14526705,2.436.923.346.444.450,14880709
Tokyo,Japan,2308507,19.262.596.450.600.300,2352974
Shanghai,China,21843837,2.455.681.823.864.200,22380252
New York,USA,10331795,39.824.584.507.857.000,10743254
Mumbai,India,16086909,3.208.655.439.568.090,16603082
Moscow,Russia,13382318,4.516.354.804.796.800,13986710
New York,USA,10986298,2.495.210.064.706.340,11260429
Moscow,Russia,1100734,3.231.903.104.234.390,1136308
Cairo,Egypt,9546310,3.340.883.988.913.940,9865241
Sao Paulo,Brazil,20628490,3.162.637.230.378.460,21280894
Los Angeles,USA,19003027,36.618.519.788.848.200,19698889
London,UK,27312911,15.684.506.076.866.200,27741300
New York,USA,4081091,2.805.636.998.956.050,4195591
Mumbai,India,17002437,9.690.116.126.375.640,17167192
Tokyo,Japan,21606265,22.303.009.744.016.500,22088149
Mumbai,India,12091989,269.450.180.879.569,12417807
Cairo,Egypt,19645886,3.435.009.167.954.620,20320723
Moscow,Russia,13681730,4.777.389.736.637.910,14335359
Tokyo,Japan,8265406,32.029.297.994.676.000,8530141
London,UK,13735272,3.846.172.622.794.510,14263554
London,UK,22590889,27.781.972.677.284.100,23218508
New York,USA,5755469,3.353.468.141.193.490,5948476
Cairo,Egypt,16053770,8.191.949.726.019.800,16185281
Sao Paulo,Brazil,27098641,16.447.621.137.883.100,27544349
Cairo,Egypt,25329205,2.128.338.919.423.120,25868296
Moscow,Russia,22112918,2.626.220.097.529.310,22693651
Mumbai,India,8974411,7.054.193.547.607.260,9037718
London,UK,15150540,11.301.084.389.899.200,15321757
Mumbai,India,12666968,1.745.664.385.060.870,12888090
Mumbai,India,20739948,4.871.897.109.054.720,21750376
Mumbai,India,28346162,19.910.615.319.637.200,28910551
London,UK,2992825,26.691.847.615.043.700,3072709
Sydney,Australia,4832978,1.382.439.707.322.760,4899791
Shanghai,China,7152941,32.485.103.198.409.500,7385305
Moscow,Russia,5115811,17.630.744.698.218.800,5206006
Sydney,Australia,9983212,14.314.666.029.729.200,10126118
Moscow,Russia,11438535,28.245.768.280.069.000,11761625
Tokyo,Japan,20951324,5.247.760.962.218.930,21061271
Cairo,Egypt,3731638,5.344.881.469.215.130,3751583
Cairo,Egypt,18041716,14.858.096.409.583.500,18309781
Los Angeles,USA,11556086,6.652.461.312.536.950,11632962
Cairo,Egypt,20753247,9.861.158.935.881.110,20957898
London,UK,26805106,20.248.729.220.243.800,27347875
Sao Paulo,Brazil,24289643,4.111.635.558.109.150,25288344
New York,USA,3903633,30.742.188.951.618.500,4023639
Los Angeles,USA,23489029,2.807.004.766.803.870,24148367
New York,USA,2940369,18.206.997.044.365.400,2993904
Moscow,Russia,21725458,4.692.891.737.447.670,22745010
New York,USA,9127125,22.865.676.855.673.600,9335822
New York,USA,18994276,8.919.174.505.809.710,19163689
Los Angeles,USA,18808735,32.767.993.225.301.000,19425059
Tokyo,Japan,15672183,10.122.727.706.447.000,15830828
Mumbai,India,26955176,20.535.041.426.076.100,27508701
Cairo,Egypt,5678714,278.335.372.423.014,5836772
Cairo,Egypt,9109698,4.434.001.361.083.290,9513622
London,UK,15609307,2.720.959.611.530.530,16034029
Los Angeles,USA,19167497,36.601.644.471.424.800,19869058
London,UK,21718322,4.967.675.775.495.810,22797217
Sao Paulo,Brazil,3322466,10.917.010.395.409.100,3358737
Sao Paulo,Brazil,8778748,17.362.918.648.378.300,8931172
London,UK,9099932,22.755.923.401.894.000,9307009
Los Angeles,USA,19628533,2.398.226.803.424.740,20099269
London,UK,2946830,2.349.594.838.694.950,3016068
Cairo,Egypt,20391366,4.584.249.511.504.490,21326157
Sydney,Australia,8238987,3.713.146.900.100.850,8544912
Shanghai,China,10957168,3.235.573.463.408.160,11311695
New York,USA,5660061,18.921.772.303.825.100,5767159
Shanghai,China,3605214,4.207.056.728.995.820,3756887
Los Angeles,USA,8923641,479.777.230.168.245,9351776
Shanghai,China,3229180,41.953.922.714.760.100,3364656
Sao Paulo,Brazil,11717207,5.070.429.733.616.280,11776618
Moscow,Russia,16540627,33.638.061.658.253.300,17097021
New York,USA,17169764,7.301.092.164.894.530,17295122
Mumbai,India,10384451,16.592.324.915.017.400,10556753
Los Angeles,USA,5188891,7.678.611.515.649.720,5228734
New York,USA,17541035,3.217.079.538.272.240,18105344
Shanghai,China,10014653,35.896.546.107.167.300,10374144
Sao Paulo,Brazil,15064147,1.015.194.371.296.570,15217077
Tokyo,Japan,21808635,22.272.749.737.024.000,22294373
Sydney,Australia,5495511,2.553.064.290.299.930,5635814
Mumbai,India,19202161,21.607.385.979.241.200,19617069
Sydney,Australia,27557362,10.446.125.021.833.600,27845229
New York,USA,3363999,23.852.650.558.436.300,3444239
Sao Paulo,Brazil,10109096,38.803.012.151.378.800,10501359
Sao Paulo,Brazil,5790691,8.195.344.903.996.490,5838147
Shanghai,China,26584889,8.608.100.633.685.650,26813734
Cairo,Egypt,28950196,2.096.470.813.261.920,29557128
Shanghai,China,22003105,4.737.765.702.285.160,23045560
Cairo,Egypt,10852415,35.085.769.102.531.100,11233180
Cairo,Egypt,20869411,35.540.148.050.265.400,21611112
Mumbai,India,27782273,21.286.399.587.703.900,28373657
Shanghai,China,18066318,3.171.473.560.438.420,18639286
Tokyo,Japan,10725345,5.455.903.281.248.450,10783861
London,UK,17722851,336.243.220.884.294,18318769
London,UK,29225830,4.609.791.264.093.060,30573079
Shanghai,China,15561193,32.565.806.075.516.800,16067955
Shanghai,China,28542898,4.431.643.670.598.550,29807817
Sydney,Australia,12186361,3.757.878.749.597.420,12644309
Mumbai,India,27256629,1.042.512.873.816.600,27540782
Shanghai,China,5443778,4.561.039.882.786.280,5692070
Sydney,Australia,25820972,798.997.299.600.987,26027280
Cairo,Egypt,21939281,2.902.853.626.464.930,22576146
Sao Paulo,Brazil,29175911,11.396.170.570.705.500,29508404
Sao Paulo,Brazil,1260116,5.526.797.482.890.680,1267080
Cairo,Egypt,29134286,23.991.541.705.743.700,29833262
Los Angeles,USA,7086368,18.276.831.844.437.000,7215884
Sydney,Australia,29207970,26.870.022.220.892.100,29992788
Sydney,Australia,12006745,30.973.994.903.054.700,12378641
Cairo,Egypt,21991495,696.825.825.390.263,22144737
Tokyo,Japan,12950831,10.535.148.280.568.500,13087269
Moscow,Russia,2257949,3.013.890.784.026.910,2326001